name,rating,reviews,salary,interviews,jobs,benefits
TCS,3.3,120000.0,1040000.0,11400.0,5000.0,11000.0
Accenture,3.7,76200.0,730000.0,9600.0,14500.0,7000.0
Wipro,3.6,67100.0,490000.00000000006,7000.0,2.0,4900.0
Cognizant,3.7,63400.0,610000.0,6600.0,873.0,5700.0
Capgemini,3.6,55600.0,500000.0,5700.0,2100.0,3900.0
HDFC Bank,3.8,54700.0,150000.0,3200.0,529.0,3400.0
Infosys,3.5,50500.0,530000.0,8600.0,3400.0,4900.0
HCLTech,3.4,48300.0,400000.0,4700.0,280.0,4000.0
ICICI Bank,4.0,47200.0,160000.0,3000.0,17.0,3800.0
Tech Mahindra,3.3,44800.0,290000.0,4700.0,779.0,3500.0
Genpact,3.6,44000.0,240000.0,4000.0,515.0,3700.0
TP,3.9,40200.0,100000.0,2300.0,1500.0,2000.0
Axis Bank,3.6,34600.0,100000.0,2000.0,218.0,2200.0
Jio,4.4,34300.0,61100.0,4600.0,,2600.0
Concentrix Corporation,3.5,33300.0,130000.0,2100.0,29.0,3200.0
Amazon,3.9,32800.0,160000.0,6200.0,83.0,3400.0
Reliance Retail,3.9,28100.0,74900.0,2000.0,78.0,1900.0
iEnergizer,4.5,27900.0,25300.0,1700.0,78.0,896.0
LTM Limited,3.6,27400.0,200000.0,3500.0,699.0,892.0
HDB Financial Services,3.9,26600.0,49300.0,1100.0,4.0,1400.0
IBM,3.9,26600.0,220000.00000000003,2700.0,238.0,2600.0
Larsen & Toubro Limited,3.9,24800.0,77000.0,2000.0,265.0,2600.0
Deloitte,3.6,24400.0,280000.0,3400.0,619.0,2500.0
Kotak Mahindra Bank,3.6,23300.0,89000.0,1500.0,201.0,1300.0
Reliance Industries,4.0,20900.0,76100.0,1700.0,107.0,1900.0
Vodafone Idea,3.9,18000.0,48700.0,718.0,86.0,2000.0
Bharti Airtel,3.8,17600.0,50200.0,1200.0,170.0,1600.0
BYJU'S,3.2,16400.0,49600.0,2100.0,5.0,1700.0
WNS,3.3,15800.0,71200.0,1300.0,51.0,1400.0
IDFC FIRST Bank,4.0,15700.0,51600.0,1100.0,42.0,825.0
Ernst & Young,3.4,15300.0,150000.0,1400.0,2700.0,1100.0
IndusInd Bank,3.4,14800.0,53000.0,799.0,186.0,824.0
AU Small Finance Bank,3.8,14700.0,30800.0,735.0,131.0,621.0
Tata Motors,4.1,14600.0,44400.0,1300.0,23.0,1700.0
Bajaj Finserv,3.9,13800.0,32600.0,834.0,17.0,749.0
Flipkart,3.9,13500.0,57800.0,1800.0,119.0,1400.0
Muthoot FinCorp,4.5,13500.0,10000.0,2400.0,59.0,325.0
PwC,3.3,13300.0,130000.0,1600.0,1500.0,883.0
Mahindra & Mahindra,4.0,12600.0,41900.0,916.0,1.0,1200.0
HDFC Life,3.8,12600.0,34000.0,848.0,221.0,654.0
Infosys BPM,3.5,12500.0,78700.0,1100.0,38.0,1200.0
DXC Technology,3.6,12300.0,75500.0,914.0,72.0,1100.0
Bandhan Bank,3.7,11800.0,28400.0,791.0,,588.0
Digitide Solutions,3.4,10700.0,27300.0,602.0,335.0,787.0
Yes Bank,3.7,10600.0,43400.0,585.0,190.0,639.0
Mphasis,3.3,10600.0,75600.0,958.0,53.0,876.0
Tata Steel,4.0,10300.0,34900.0,1100.0,,693.0
Quess,3.8,10100.0,32000.0,557.0,18.0,457.0
Asian Paints,3.9,10000.0,26700.0,912.0,83.0,934.0
UltraTech Cement,4.1,9900.0,25300.0,853.0,80.0,676.0
Maruti Suzuki,4.1,9900.0,29600.0,838.0,665.0,1000.0
Startek,3.0,9900.0,25100.0,686.0,245.0,713.0
Bajaj Finance,3.9,9700.0,23700.0,471.0,9300.0,534.0
Paytm,3.2,9700.0,35200.0,926.0,956.0,574.0
Shriram Finance,3.9,9500.0,16200.0,481.0,6.0,84.0
Sutherland Global Services,3.3,9400.0,36900.0,839.0,333.0,944.0
Equitas Small Finance Bank,4.3,9200.0,14000.0,1000.0,54.0,465.0
Coforge,3.3,9200.0,69200.0,991.0,339.0,442.0
Wells Fargo,3.6,9100.0,67200.0,718.0,141.0,907.0
Cipla,4.1,8900.0,26900.0,631.0,44.0,902.0
EXL Service,3.6,8900.0,45700.0,948.0,89.0,828.0
Ericsson,3.9,8600.0,42700.0,483.0,37.0,1000.0
Samsung,3.9,8500.0,26600.0,646.0,56.0,554.0
Dr. Reddy's,4.0,8500.0,26300.0,547.0,72.0,761.0
JSW Steel,3.9,8300.0,32700.000000000004,895.0,183.0,652.0
Optum Global Solutions,4.0,8300.0,53300.0,799.0,215.0,734.0
Delhivery,3.8,8200.0,23100.0,645.0,412.0,659.0
JPMorgan Chase & Co.,3.8,8100.0,94300.0,900.0,368.0,885.0
ICICI Prudential Life Insurance,3.9,8000.0,23100.0,502.0,37.0,635.0
Hexaware Technologies,3.4,8000.0,57200.0,862.0,1600.0,590.0
Ujjivan Small Finance Bank,4.0,8000.0,13400.0,347.0,119.0,590.0
Jana Small Finance Bank,3.7,7900.0,14000.0,317.0,85.0,612.0
Sun Pharmaceutical Industries,4.0,7900.0,23600.0,723.0,333.0,638.0
Zydus Lifesciences,4.0,7900.0,20700.0,580.0,37.0,704.0
Ekart Logistics,3.9,7800.0,17700.0,423.0,1.0,430.0
HGS,3.7,7700.0,20100.0,280.0,30.0,967.0
KPMG India,3.4,7700.0,71800.0,967.0,112.0,782.0
Lupin,4.1,7600.0,22700.0,461.0,53.0,788.0
Amazon Development Centre India,3.8,7600.0,39400.0,915.0,19.0,611.0
Axis Max Life Insurance,4.0,7600.0,20900.0,442.0,2200.0,558.0
ITC,3.8,7400.0,25700.0,729.0,80.0,655.0
Hindustan Unilever,4.2,7400.0,21000.0,491.0,26.0,713.0
L&T Construction,4.0,7400.0,19300.0,964.0,,922.0
Megha Engineering & Infrastructures,3.9,7200.0,19900.0,604.0,63.0,569.0
Tata Projects,4.2,7100.0,23100.0,653.0,60.0,591.0
Cholamandalam Investment & Finance,3.8,7000.0,13500.0,314.0,84.0,315.0
Bajaj Life Insurance,3.8,7000.0,18400.0,464.0,110.0,505.0
L&T Technology Services,3.1,6900.0,46100.0,662.0,1.0,520.0
FIS,3.7,6800.0,38700.0,555.0,130.0,746.0
Oracle,3.3,6700.0,65800.0,974.0,279.0,659.0
Omega Healthcare,3.7,6700.0,28700.0,579.0,188.0,417.0
JLL,4.1,6700.0,26400.0,513.0,469.0,573.0
Muthoot Finance,3.7,6600.0,13300.0,382.0,159.0,344.0
eClerx,3.1,6600.0,34100.0,662.0,466.0,575.0
IIFL Finance,4.0,6600.0,14100.0,345.0,42.0,400.0
Indian Army,4.7,6500.0,9500.0,216.0,,754.0
PolicyBazaar,3.7,6400.0,19200.0,675.0,1300.0,298.0
DMart,3.9,6500.0,20000.0,584.0,275.0,495.0
Indiamart Intermesh,3.6,6400.0,22000.0,828.0,260.0,526.0
Piramal Finance,4.2,6400.0,12900.0,310.0,121.0,457.0
Virtusa Consulting Services,3.6,6300.0,58400.0,697.0,214.0,343.0
HSBC Group,3.8,6300.0,46700.0,572.0,113.0,1200.0
SMFG India Credit,3.9,6200.0,11100.0,225.0,122.0,360.0
Access Healthcare,3.7,6200.0,30400.0,425.0,689.0,395.0
HCL Group,3.5,6100.0,38900.0,529.0,,658.0
BigBasket,3.9,6100.0,20400.0,521.0,95.0,404.0
Manappuram Finance,3.9,6100.0,9800.0,240.0,5.0,250.0
GlobalLogic,3.5,6000.0,42700.0,707.0,45.0,554.0
ICICI Lombard General Insurance Company,3.5,6000.0,21000.0,386.0,247.0,400.0
Siemens,4.0,6000.0,35500.0,529.0,1100.0,648.0
Firstsource Solutions,3.5,6000.0,25600.0,381.0,59.0,575.0
Apollo Hospitals,4.0,6000.0,17300.0,516.0,343.0,527.0
Aurobindo Pharma,4.0,6000.0,20400.0,307.0,21.0,469.0
Shapoorji Pallonji Group,4.1,5900.0,15600.0,457.0,68.0,656.0
Tata Capital,4.0,5900.0,16900.0,304.0,5200.0,282.0
Swiggy,3.7,5900.0,25300.0,616.0,136.0,381.0
UST,3.7,5900.0,41600.0,619.0,629.0,413.0
Standard Chartered,3.6,5900.0,42700.0,337.0,20.0,321.0
Mahindra Finance,3.8,5900.0,12300.0,231.0,156.0,530.0
Bosch Global Software Technologies,3.7,5800.0,41800.0,399.0,57.0,653.0
Udaan,3.9,5800.0,14900.0,377.0,5.0,707.0
Citicorp,3.6,5700.0,55600.0,652.0,,536.0
Ashok Leyland,4.0,5700.0,19100.0,338.0,2.0,656.0
Hero MotoCorp,4.1,5700.0,16900.0,440.0,1.0,612.0
CGI Inc,4.0,5600.0,48300.0,583.0,468.0,371.0
Kalpataru Projects International,4.1,5500.0,14500.0,353.0,2.0,235.0
NTT DATA,3.8,5500.0,40000.0,786.0,13.0,550.0
SBI Cards & Payment Services,3.6,5500.0,16300.0,341.0,95.0,356.0
Nagarjuna Construction Company,4.0,5500.0,12800.0,471.0,19.0,431.0
IQVIA,3.7,5500.0,32800.0,584.0,29.0,557.0
BNY,3.6,5500.0,32500.0,408.0,58.0,559.0
Cyient,3.6,5500.0,27800.0,345.0,136.0,450.0
Schneider Electric,4.1,5400.0,27000.0,477.0,486.0,462.0
SBI Life Insurance Company,3.7,5400.0,12300.0,331.0,10.0,348.0
CBRE,4.1,5400.0,19700.0,373.0,33.0,489.0
JustDial,3.5,5300.0,15500.0,408.0,35.0,366.0
TVS Motor,3.8,5300.0,17200.0,439.0,214.0,563.0
Persistent Systems,3.6,5300.0,48600.0,739.0,430.0,405.0
State Bank of India,3.9,5300.0,12000.0,352.0,10.0,414.0
ITC Infotech,3.9,5200.0,30800.0,433.0,108.0,302.0
KEC International,4.0,5200.0,14100.0,447.0,31.0,479.0
Amdocs,3.6,5100.0,38200.0,575.0,,633.0
Atos,3.8,5100.0,33100.0,422.0,95.0,477.0
Utkarsh Small Finance Bank,3.6,5000.0,12000.0,342.0,67.0,298.0
Varun Beverages,4.0,5000.0,12400.0,365.0,17.0,335.0
JBM Group,3.9,5000.0,14300.0,378.0,50.0,364.0
vivo,4.0,5000.0,12900.0,251.0,29.0,629.0
Lenskart,3.4,4900.0,14100.0,548.0,261.0,359.0
Randstad,3.7,4900.0,17800.0,349.0,25.0,361.0
Ecom Express,4.1,4900.0,9200.0,270.0,,307.0
Nagarro,3.9,4900.0,34300.0,846.0,337.0,1100.0
Hetero,3.9,4900.0,15700.0,457.0,119.0,389.0
EY Global Delivery Services ( EY GDS),3.5,4800.0,55000.0,933.0,20.0,366.0
Intas Pharmaceuticals,4.1,4800.0,18200.0,276.0,45.0,407.0
Bosch,4.1,4800.0,21600.0,393.0,,615.0
Havells,3.9,4800.0,16000.0,315.0,35.0,329.0
Eviden,3.6,4800.0,26200.0,317.0,,3.0
L&T Finance,3.9,4800.0,12200.0,241.0,,252.0
Aditya Birla Fashion and Retail,4.1,4800.0,13400.0,285.0,51.0,408.0
R1 RCM,3.8,4800.0,22700.0,375.0,203.0,358.0
Tata AIA Life Insurance,3.8,4800.0,15300.0,271.0,873.0,318.0
Hewlett Packard Enterprise,4.0,4800.0,27800.0,274.0,196.0,552.0
Cars24,3.5,4700.0,16100.000000000002,421.0,80.0,402.0
Mahindra Logistics,3.7,4700.0,13000.0,258.0,235.0,451.0
Berger Paints,3.7,4700.0,11000.0,466.0,330.0,285.0
Deutsche Bank,3.8,4700.0,39300.0,443.0,283.0,429.0
Dell,3.8,4600.0,29600.0,446.0,15.0,554.0
Home Credit Finance,4.0,4600.0,9100.0,155.0,113.0,600.0
Motilal Oswal Financial Services,3.6,4600.0,13700.0,563.0,56.0,182.0
TeamLease Services,3.9,4600.0,16900.0,266.0,,224.0
VE Commercial Vehicles,3.9,4600.0,14800.0,307.0,20.0,373.0
Hyundai Motor India Limited,4.1,4500.0,14600.0,339.0,5.0,533.0
OPPO,3.9,4500.0,11800.0,266.0,16.0,588.0
Thermax Limited,4.2,4500.0,13800.0,365.0,50.0,397.0
Jubilant Foods Works,3.7,4500.0,10100.0,271.0,316.0,213.0
Macleods Pharmaceuticals,3.7,4400.0,16100.000000000002,282.0,24.0,351.0
Carelon Global Solutions,3.9,4400.0,29500.0,437.0,145.0,36.0
Jindal Steel Limited,3.9,4400.0,16700.0,455.0,39.0,362.0
Hindalco Industries,4.2,4400.0,13300.0,332.0,15.0,369.0
Aakash Educational Services,3.2,4400.0,14200.0,387.0,121.0,219.0
State Street Corporation,3.5,4300.0,35100.0,308.0,13.0,278.0
Bajaj Auto,3.8,4300.0,15100.0,340.0,40.0,489.0
LG Electronics,3.8,4300.0,11400.0,278.0,13.0,407.0
DCB Bank,3.8,4200.0,10000.0,239.0,20.0,260.0
HDFC ERGO General Insurance,3.9,4200.0,12300.0,216.0,10.0,282.0
RBL Bank,3.5,4200.0,18800.0,254.0,24.0,223.0
Royal Enfield,4.2,4200.0,15400.0,212.0,3.0,400.0
Kogta Financial India Limited,4.6,4200.0,2100.0,252.0,98.0,39.0
Cloudnine Hospital,4.5,4200.0,3300.0,1700.0,25.0,226.0
John Deere,4.0,4200.0,16000.0,279.0,4.0,443.0
Publicis Sapient,3.2,4100.0,33700.0,720.0,91.0,412.0
Cummins,4.3,4100.0,15900.0,301.0,190.0,471.0
Tata Communications,3.8,4100.0,23900.0,313.0,260.0,431.0
Grasim Industries,4.0,4100.0,13800.0,303.0,9.0,306.0
Pidilite Industries,4.2,4100.0,12400.0,278.0,11.0,368.0
Aditya Birla Sun Life Insurance,4.0,4100.0,10700.0,196.0,1.0,221.0
Alembic Pharmaceuticals,3.9,4100.0,16100.000000000002,276.0,52.0,395.0
Bank of America,4.1,4100.0,30900.0,299.0,,423.0
Aditya Birla Capital,3.8,4000.0,14600.0,277.0,1.0,231.0
American Express,4.1,4000.0,26300.0,447.0,263.0,465.0
Kyndryl,3.9,4000.0,28900.0,243.0,721.0,186.0
PNB MetLife,3.3,4000.0,8200.0,203.0,2.0,226.0
KPIT Technologies,2.8,4000.0,24700.0,360.0,13.0,301.0
Oyo Rooms,3.0,4000.0,13200.0,271.0,150.0,397.0
Subros,3.7,4000.0,12900.0,237.0,1.0,403.0
Escorts Kubota Limited,4.1,4000.0,14100.0,323.0,6.0,287.0
Blinkit,3.8,4000.0,15200.0,417.0,1.0,250.0
ADP Private Limited,3.8,4000.0,22400.0,307.0,23.0,474.0
JK Cement,4.0,4000.0,10300.0,365.0,10.0,281.0
Maersk,3.9,3900.0,20200.0,257.0,71.0,442.0
PhonePe,4.0,3900.0,14900.0,461.0,39.0,214.0
Viatris,4.1,3900.0,14500.0,174.0,10.0,513.0
PVR INOX,3.9,3900.0,9700.0,228.0,38.0,254.0
XpressBees,4.1,3900.0,8400.0,450.0,5.0,164.0
Altruist Technologies,4.3,3900.0,8500.0,728.0,4.0,86.0
Birlasoft,3.4,3900.0,29700.0,324.0,526.0,259.0
Synechron,3.4,3900.0,29500.0,420.0,157.0,265.0
Glenmark Pharmaceuticals,3.8,3900.0,12500.0,200.0,201.0,340.0
Sodexo,4.0,3900.0,10300.0,221.0,1300.0,374.0
Kotak Mahindra Life Insurance Company,3.4,3900.0,12800.0,271.0,291.0,269.0
Bharat Electronics,4.2,3800.0,13000.0,260.0,,316.0
Reliance Communications,4.0,3800.0,9500.0,111.0,,358.0
Dabur,3.8,3800.0,9000.0,356.0,32.0,285.0
UNO Minda,3.9,3800.0,12100.0,288.0,204.0,318.0
Cogent E Services,3.1,3800.0,10600.0,301.0,3.0,223.0
ArcelorMittal Nippon Steel India,4.1,3800.0,13500.0,291.0,294.0,140.0
Godrej & Boyce Manufacturing,3.8,3700.0,15300.0,249.0,40.0,412.0
Abbott,4.1,3700.0,12200.0,195.0,185.0,371.0
Aarti Industries,4.1,3700.0,14600.0,345.0,107.0,366.0
Ipca Laboratories,3.8,3700.0,11700.0,228.0,43.0,251.0
Samvardhana Motherson Group,3.7,3700.0,11900.0,267.0,19.0,419.0
Reliance Digital,4.1,3700.0,8400.0,190.0,4.0,259.0
MRF Tyres,3.6,3700.0,13500.0,397.0,21.0,354.0
Reliance Projects & Property Management Services,4.0,3700.0,7700.0,220.0,,35.0
IGT Solutions,3.1,3700.0,14000.0,262.0,158.0,227.0
Indian Oil Corporation,4.3,3600.0,8000.0,251.0,,307.0
Alkem Laboratories,3.9,3600.0,10300.0,210.0,46.0,327.0
"NTT DATA, Inc.",3.9,3600.0,21000.0,162.0,123.0,263.0
Honda Motorcycle & Scooter,4.1,3600.0,11300.0,218.0,,348.0
Vishal Mega Mart,3.7,3600.0,6500.0,225.0,6.0,278.0
Johnson Controls,3.6,3600.0,18100.0,313.0,,275.0
[24]7.ai,3.4,3600.0,11700.0,206.0,68.0,423.0
Barclays,3.7,3600.0,35200.0,332.0,,275.0
TVS Credit Services Ltd,4.1,3600.0,7500.0,177.0,50.0,200.0
Hindustan Coca Cola Beverages,4.0,3600.0,8100.0,197.0,73.0,387.0
DTDC Express,3.7,3600.0,9000.0,210.0,44.0,270.0
Bajaj General Insurance Limited,3.6,3600.0,11100.0,149.0,306.0,246.0
RSPL Group,4.0,3500.0,10000.0,276.0,51.0,304.0
ABB,4.0,3500.0,19400.0,313.0,541.0,374.0
IndusInd Nippon Life Insurance,3.3,3500.0,8100.0,175.0,16.0,221.0
AGS Health,3.9,3500.0,15500.0,226.0,67.0,301.0
UBS,3.8,3500.0,32400.0,383.0,,131.0
Sagility,3.9,3500.0,14200.0,315.0,73.0,137.0
Ceat Tyres,3.9,3500.0,13200.0,218.0,50.0,354.0
NatWest Group,3.9,3500.0,22300.0,245.0,7.0,380.0
Ford Motor,4.2,3500.0,15800.0,181.0,2.0,405.0
Croma,3.8,3400.0,9900.0,199.0,49.0,206.0
Alstom Transportation,3.7,3400.0,16200.0,294.0,141.0,197.0
Niva Bupa Health Insurance Company,4.0,3400.0,9100.0,391.0,233.0,141.0
HARMAN,3.8,3400.0,24200.0,303.0,138.0,111.0
Conduent,3.4,3400.0,17500.0,251.0,626.0,380.0
InterGlobe Aviation,3.4,3400.0,14300.0,388.0,31.0,323.0
Tata Technologies,3.4,3400.0,23800.0,320.0,318.0,323.0
Tata Electronics,3.8,3400.0,14300.0,307.0,6.0,126.0
Tata AIG,3.9,3400.0,12100.0,203.0,61.0,244.0
Tata AutoComp Systems,3.6,3400.0,11900.0,228.0,114.0,194.0
Jindal Stainless,4.1,3400.0,12300.0,347.0,212.0,214.0
Indian Air Force,4.6,3400.0,5400.0,90.0,2.0,357.0
GeBBS Healthcare Solutions,3.8,3400.0,11600.0,192.0,61.0,303.0
Canara HSBC Life Insurance,4.1,3300.0,6400.0,580.0,6.0,180.0
PepsiCo,4.0,3300.0,14800.0,260.0,252.0,267.0
UPL,4.1,3300.0,11300.0,232.0,68.0,302.0
Max Healthcare,4.0,3300.0,10900.0,209.0,148.0,303.0
Mankind Pharma,3.8,3300.0,10000.0,273.0,13.0,264.0
Titan Company,4.2,3300.0,10100.0,223.0,123.0,351.0
Amazon Transportation Services,4.2,3300.0,9000.0,265.0,,256.0
Ambuja Cements,3.9,3300.0,8800.0,260.0,28.0,312.0
S&P Global,3.9,3300.0,21600.0,342.0,111.0,229.0
Varroc Group,3.6,3200.0,9900.0,230.0,22.0,251.0
Societe Generale Global Solution Centre,3.6,3200.0,23700.0,308.0,16.0,307.0
Quest Global,3.5,3200.0,22700.0,378.0,226.0,211.0
Dilip Buildcon,3.9,3200.0,8000.0,199.0,7.0,297.0
MSN Laboratories,3.6,3200.0,10200.0,183.0,19.0,166.0
Allcargo Logistics,3.8,3200.0,6800.0,144.0,9.0,332.0
Ola Electric Mobility,3.3,3200.0,9900.0,320.0,1.0,100.0
ESAF Small Finance Bank,3.6,3200.0,8400.0,187.0,21.0,115.0
Walmart,3.5,3200.0,25300.0,455.0,195.0,324.0
IDFC FIRST Bharat,4.1,3200.0,5200.0,169.0,5.0,94.0
Afcons Infrastructure,4.2,3200.0,8800.0,285.0,48.0,325.0
DS Group,4.0,3200.0,8100.0,242.0,25.0,234.0
Torrent Pharmaceuticals,4.0,3200.0,10600.0,185.0,33.0,332.0
Zepto,3.6,3200.0,11800.0,499.0,49.0,73.0
Bharat Financial Inclusion,3.7,3200.0,5600.0,131.0,6.0,185.0
Suzlon Group,4.0,3100.0,7900.0,191.0,36.0,335.0
Marpu Foundation,4.9,3100.0,61.0,266.0,,8.0
Tata Elxsi,3.4,3100.0,24600.0,350.0,82.0,215.0
Indus Towers,3.6,3100.0,9600.0,241.0,63.0,225.0
Zensar Technologies,3.6,3100.0,26000.0,292.0,384.0,254.0
Eternal Limited,3.6,3100.0,15800.0,375.0,8.0,231.0
HDFC Sales,3.9,3100.0,8400.0,202.0,29.0,190.0
Square Yards,3.5,3100.0,9800.0,247.0,57.0,238.0
Fujitsu,3.8,3100.0,18000.0,215.0,83.0,208.0
VVDN Technologies,3.6,3100.0,14600.0,272.0,26.0,138.0
Yazaki,3.9,3100.0,9400.0,203.0,31.0,284.0
I Process Services,3.8,3100.0,5500.0,144.0,3.0,118.0
IKS Health,3.5,3100.0,11900.0,280.0,28.0,243.0
CMS IT Services,3.1,3100.0,9100.0,161.0,50.0,190.0
ACC,3.9,3000.0,9200.0,243.0,,273.0
Future Group,4.3,3000.0,6100.0,86.0,,400.0
Shree Cement,3.8,3000.0,10400.0,249.0,21.0,231.0
Nokia,4.0,3000.0,17700.0,337.0,8.0,554.0
Shoppers Stop,3.9,3000.0,7100.0,152.0,61.0,320.0
Apollo Tyres,4.0,3000.0,10200.0,160.0,20.0,337.0
Physicswallah,3.6,3000.0,10100.0,322.0,412.0,83.0
Fiserv,2.7,3000.0,17600.0,204.0,19.0,325.0
Exl India,3.5,3000.0,19500.0,142.0,2.0,194.0
Britannia,4.0,2900.0,8700.0,252.0,46.0,257.0
Foxconn,3.8,2900.0,12700.0,264.0,14.0,144.0
Landmark Group,3.8,2900.0,9700.0,182.0,5.0,272.0
SRF,4.1,2900.0,9500.0,217.0,17.0,262.0
Dalmia Bharat Cement,3.9,2900.0,6200.0,211.0,1.0,254.0
ZS,3.0,2900.0,22800.0,542.0,77.0,281.0
Kansai Nerolac Paints,3.8,2900.0,8400.0,202.0,61.0,194.0
Star Health & Allied Insurance,3.5,2900.0,10900.0,166.0,43.0,176.0
Nestlé,3.7,2900.0,10200.0,298.0,31.0,313.0
Blue Dart Express Ltd,3.9,2900.0,7100.0,140.0,9.0,240.0
Exide Industries,3.4,2900.0,9200.0,227.0,67.0,243.0
Shell,3.9,2800.0,14500.0,244.0,42.0,261.0
UnitedHealth,4.0,2800.0,13200.0,84.0,,434.0
Micro Labs,3.6,2800.0,10100.0,158.0,19.0,208.0
TVS Supply Chain Solutions,3.8,2800.0,8600.0,172.0,18.0,195.0
KPMG Global Services,3.5,2800.0,24800.0,278.0,25.0,19.0
Flex,3.9,2800.0,15400.0,218.0,50.0,440.0
Gallagher,3.6,2800.0,15200.0,287.0,38.0,147.0
Care Health Insurance,3.5,2800.0,9300.0,173.0,27.0,182.0
Photon Interactive,4.1,2800.0,7800.0,144.0,897.0,116.0
Tata Advanced Systems,3.7,2800.0,13500.0,200.0,9.0,159.0
Blue Star,4.0,2800.0,10200.0,210.0,302.0,257.0
ElasticRun,3.6,2800.0,6800.0,282.0,10.0,226.0
KFintech,3.3,2800.0,11500.0,181.0,20.0,59.0
Movate,3.1,2800.0,15700.0,300.0,133.0,16.0
G4S,4.1,2700.0,5200.0,142.0,878.0,242.0
Sonalika Tractors,3.5,2700.0,9400.0,180.0,1.0,186.0
Ajanta Pharma,3.9,2700.0,9300.0,173.0,24.0,232.0
Voltas,4.0,2700.0,8800.0,181.0,31.0,262.0
Capita,3.5,2700.0,12300.0,169.0,24.0,322.0
DBS Bank,3.7,2700.0,13500.0,212.0,419.0,197.0
Adani Power,3.8,2700.0,10300.0,342.0,,181.0
ACT Fibernet,3.8,2700.0,8000.0,170.0,219.0,267.0
NoBroker,3.0,2700.0,11400.0,294.0,482.0,366.0
GAO Tek,4.4,2700.0,269.0,785.0,,141.0
Himalaya Wellness,3.9,2700.0,6200.0,158.0,170.0,263.0
IntouchCX,2.7,2700.0,10900.0,245.0,61.0,165.0
BlackBuck,3.7,2700.0,6500.0,226.0,47.0,244.0
Whitehat jr,3.3,2700.0,8600.0,266.0,,926.0
Foundever,3.3,2700.0,9500.0,199.0,88.0,217.0
Fortis Healthcare,4.1,2700.0,7900.0,199.0,1500.0,152.0
Laurus Labs,4.3,2700.0,7500.0,164.0,5.0,231.0
Domino's Pizza,3.9,2700.0,4400.0,146.0,,397.0
BT Group,3.8,2700.0,12300.0,237.0,19.0,289.0
JCB,3.8,2600.0,10100.0,184.0,,250.0
V-Mart,4.0,2600.0,4600.0,206.0,10.0,226.0
Adani Group,3.8,2600.0,12200.0,326.0,743.0,128.0
CorroHealth Infotech,3.5,2600.0,8300.0,291.0,57.0,22.0
Alldigi Tech,3.8,2600.0,7600.0,240.0,1.0,116.0
Sahrudaya Healthcare (Medicover Hospitals),4.3,2600.0,3700.0,147.0,44.0,1.0
Northern Trust Operating Services,3.6,2600.0,18100.0,247.0,149.0,230.0
Sterlite Technologies,3.8,2600.0,10000.0,192.0,133.0,212.0
ICICI Securities,3.9,2600.0,9900.0,202.0,56.0,199.0
Tractors and Farm Equipment,4.0,2600.0,8600.0,140.0,50.0,286.0
TaskUs,2.9,2600.0,10700.0,240.0,172.0,142.0
Bajaj Electricals,3.9,2600.0,7400.0,162.0,45.0,291.0
Parle Agro,3.9,2600.0,7100.0,157.0,9.0,226.0
Emcure Pharmaceuticals,3.6,2500.0,8900.0,138.0,94.0,253.0
Biocon Limited,4.0,2500.0,11600.0,193.0,15.0,19.0
Hero FinCorp,3.9,2500.0,5900.0,125.0,93.0,131.0
Cadila Pharmaceuticals,3.1,2500.0,8300.0,176.0,99.0,186.0
Planet Spark,3.8,2500.0,3900.0,608.0,61.0,207.0
Mahindra Holidays & Resorts,3.5,2500.0,5900.0,136.0,60.0,201.0
Newgen Software Technologies,4.1,2500.0,11800.0,212.0,36.0,152.0
Intellect Design Arena,3.5,2500.0,14300.0,185.0,26.0,118.0
Syngene International,3.7,2500.0,12900.0,194.0,6.0,225.0
Team Computers,3.8,2500.0,8900.0,229.0,187.0,166.0
Mahindra Rural Housing Finance,4.0,2500.0,4900.0,110.0,11.0,179.0
Datamatics Global Services,3.4,2500.0,11700.0,184.0,79.0,178.0
McDonald's,3.8,2500.0,5000.0,165.0,1.0,404.0
Bureau Veritas,3.8,2500.0,8600.0,150.0,36.0,190.0
RMSI,3.5,2500.0,9200.0,203.0,8.0,196.0
Paras Hospital,4.1,2500.0,3300.0,111.0,94.0,128.0
Patanjali Ayurved,4.0,2500.0,5900.0,142.0,,241.0
Cholamandalam MS General Insurance,3.7,2500.0,6000.0,119.0,,173.0
3i Infotech,3.4,2500.0,10700.0,173.0,86.0,153.0
Info Edge,3.8,2400.0,11600.0,389.0,405.0,308.0
Aavas Financiers,3.9,2400.0,5800.0,129.0,79.0,138.0
Delhi Public School,3.7,2400.0,5400.0,167.0,154.0,267.0
Taj Hotels Resorts and Palaces,4.2,2400.0,5000.0,166.0,,185.0
TCE,3.9,2400.0,10500.0,307.0,26.0,190.0
Lodha,4.2,2400.0,9300.0,187.0,198.0,187.0
Apollo Pharmacy,3.7,2400.0,7600.0,211.0,1100.0,139.0
Statestreet HCL Services,3.4,2400.0,12400.0,222.0,,202.0
Capgemini Engineering,3.3,2400.0,12900.0,412.0,,145.0
Sopra Steria,3.9,2400.0,14300.0,192.0,160.0,245.0
Kia India,3.9,2400.0,8500.0,186.0,97.0,174.0
Cybage,3.7,2400.0,17200.0,216.0,28.0,277.0
Straive,3.3,2400.0,10900.0,237.0,43.0,128.0
Axis Direct,3.6,2400.0,4600.0,90.0,46.0,208.0
SBI Securities,3.6,2400.0,7100.0,198.0,90.0,110.0
GVK Emergency Management and Research Institute,3.5,2400.0,4800.0,122.0,56.0,182.0
Endurance Technologies Limited,3.9,2400.0,8100.0,150.0,40.0,252.0
Akums Drugs & Pharmaceuticals Limited,4.2,2400.0,6300.0,341.0,19.0,155.0
JK Tyre,3.9,2400.0,7100.0,231.0,9.0,276.0
Xoriant,4.0,2400.0,11700.0,237.0,64.0,408.0
Star Union Dai-ichi Life Insurance,3.8,2400.0,5400.0,150.0,43.0,106.0
Daikin Airconditioning India Pvt. Ltd.,4.2,2400.0,8100.0,223.0,6.0,165.0
Sobha,3.8,2400.0,8600.0,171.0,45.0,238.0
BNP Paribas,3.7,2400.0,19800.0,228.0,39.0,190.0
Bharat Petroleum,4.2,2400.0,7600.0,192.0,2.0,194.0
KocharTech,3.6,2400.0,3800.0,83.0,21.0,559.0
Panasonic Life Solutions India,3.9,2300.0,7300.0,101.0,18.0,122.0
Lifestyle,4.2,2300.0,6700.0,92.0,22.0,272.0
AWL Agri Business,4.1,2300.0,7200.0,148.0,21.0,191.0
Myntra,3.8,2300.0,10900.0,404.0,8.0,310.0
Eureka Forbes,3.6,2300.0,5800.0,96.0,7.0,229.0
SBI General Insurance,3.5,2300.0,6900.0,138.0,32.0,136.0
Bharti AXA Life Insurance,3.6,2300.0,5300.0,156.0,861.0,172.0
Aditya Birla Group,4.1,2300.0,9700.0,243.0,4.0,246.0
Radisson Hotels,4.0,2300.0,5300.0,110.0,391.0,317.0
Unacademy,3.0,2300.0,10400.0,245.0,10.0,159.0
Torrent Power,4.1,2300.0,8100.0,283.0,67.0,279.0
Renault Nissan Technology & Business Centre India,3.6,2300.0,15400.0,162.0,23.0,215.0
Meesho,3.7,2300.0,10300.0,464.0,32.0,304.0
Cisco,4.1,2300.0,19700.0,430.0,423.0,232.0
Coromandel International,4.0,2300.0,7900.0,131.0,35.0,226.0
Sify Technologies,3.6,2300.0,10200.0,151.0,55.0,161.0
ValueLabs,3.4,2300.0,16600.0,222.0,115.0,274.0
Bank of Baroda,3.6,2300.0,7100.0,131.0,,156.0
Indian Railways,4.2,2300.0,3600.0,117.0,22.0,163.0
Whirlpool,4.0,2300.0,7900.0,123.0,14.0,200.0
Henry Harvin Education,4.0,2300.0,995.0,138.0,34.0,76.0
Manipal Hospitals,4.0,2300.0,7600.0,147.0,60.0,156.0
Lava International,3.9,2200.0,4400.0,95.0,7.0,296.0
Shahi Exports,3.9,2200.0,6800.0,130.0,67.0,229.0
Infinite Computer Solutions,3.2,2200.0,16300.0,188.0,167.0,114.0
Allstate,3.7,2200.0,12200.0,159.0,25.0,192.0
Generali Central Life Insurance,3.5,2200.0,6800.0,123.0,164.0,167.0
Mercedes-Benz Research and Development India,3.5,2200.0,18600.0,212.0,,203.0
Poonawalla Fincorp,3.5,2200.0,6400.0,91.0,1.0,140.0
Saint-Gobain,3.8,2200.0,12300.0,224.0,174.0,265.0
Spark Minda,3.7,2200.0,7600.0,168.0,17.0,52.0
GlaxoSmithKline Pharmaceuticals,4.1,2200.0,6000.0,134.0,28.0,117.0
Nuvoco Vistas,4.1,2200.0,7400.0,140.0,42.0,150.0
FirstCry,3.5,2200.0,9300.0,222.0,5.0,82.0
Jio Platforms,3.4,2200.0,15500.0,275.0,,71.0
CAMS,3.5,2200.0,9300.0,154.0,7.0,58.0
Brakes India,3.8,2200.0,7400.0,110.0,42.0,219.0
Cargill,3.9,2200.0,8800.0,116.0,141.0,159.0
NTT DATA Business Solutions,4.1,2200.0,13600.0,288.0,40.0,39.0
Life Insurance Corporation of India,4.4,2200.0,4500.0,109.0,4.0,233.0
Power Mech Projects,3.8,2200.0,6900.0,127.0,3.0,165.0
upGrad,3.3,2200.0,9700.0,221.0,40.0,135.0
BHEL,4.2,2200.0,5300.0,142.0,53.0,232.0
Kotak Securities,3.4,2200.0,9700.0,151.0,38.0,156.0
Nokia Networks,4.1,2200.0,10300.0,130.0,5.0,13.0
Force Motors,3.7,2200.0,8300.0,151.0,25.0,159.0
Microsoft Corporation,3.8,2200.0,33400.0,644.0,,202.0
CitiusTech,3.0,2200.0,15100.0,328.0,50.0,174.0
"Maruti Suzuki India Limited, Hansalpur",4.3,2200.0,6900.0,245.0,13.0,178.0
Provana,4.1,2200.0,4700.0,283.0,8.0,332.0
EPAM Systems,3.7,2200.0,25900.0,678.0,414.0,149.0
SGS,3.7,2200.0,6800.0,136.0,147.0,193.0
Pfizer,3.9,2200.0,5900.0,92.0,83.0,284.0
IndusInd General Insurance,3.6,2100.0,7100.0,106.0,12.0,134.0
Biological E,4.3,2200.0,7300.0,151.0,40.0,235.0
Morgan Stanley,3.5,2100.0,28900.0,348.0,77.0,166.0
Reliance Trends,4.1,2100.0,4000.0,127.0,,207.0
ITC Hotels,4.0,2100.0,5500.0,110.0,,203.0
K12 Techno Services,3.7,2100.0,5500.0,449.0,342.0,78.0
Delphi TVS,3.8,2100.0,5500.0,104.0,3.0,203.0
Raymond Lifestyle Limited,4.1,2100.0,6100.0,126.0,26.0,234.0
Huawei Technologies,4.1,2100.0,7500.0,120.0,34.0,280.0
Simplex Infrastructures,3.3,2100.0,4200.0,87.0,3.0,281.0
Aditya Birla Health Insurance Co,3.7,2100.0,7600.0,137.0,2.0,103.0
Narayana Health,4.0,2100.0,6400.0,103.0,109.0,152.0
Shadowfax Technologies,3.5,2100.0,8100.0,177.0,58.0,89.0
YASH Technologies,3.6,2100.0,16300.0,182.0,478.0,185.0
Trent,3.8,2100.0,5500.0,114.0,34.0,138.0
Ola Cabs,3.2,2100.0,8800.0,156.0,2.0,213.0
Extramarks Education,3.2,2100.0,7200.0,180.0,8.0,146.0
Haier Appliances India,3.9,2100.0,7300.0,175.0,28.0,178.0
IDBI Bank,3.3,2100.0,6400.0,90.0,,131.0
TELUS Digital,3.5,2100.0,11100.0,152.0,29.0,69.0
Novartis,4.1,2100.0,10800.0,172.0,,235.0
Motherson Automotive Technologies and Engineering,3.7,2000.0,7900.0,166.0,4.0,163.0
Hinduja Leyland Finance,4.3,2000.0,3100.0,533.0,7.0,338.0
Aye Finance,4.1,2000.0,3800.0,109.0,98.0,125.0
R.R. Donnelley,3.6,2000.0,10300.0,130.0,16.0,214.0
Tekwissen,4.9,2000.0,628.0,341.0,277.0,140.0
Schindler,3.9,2000.0,6400.0,127.0,35.0,195.0
Senco Gold,4.4,2000.0,1600.0,634.0,2.0,29.0
AECOM,4.1,2000.0,7300.0,158.0,459.0,251.0
Trident Group,3.4,2000.0,5600.0,161.0,15.0,150.0
Globiva,3.0,2000.0,5500.0,144.0,257.0,87.0
Honeywell Automation,3.8,2000.0,12900.0,143.0,,165.0
Microland,3.5,2000.0,10800.0,156.0,623.0,180.0
V-Guard,4.3,2000.0,4800.0,127.0,51.0,282.0
L&T Energy Hydrocarbon,3.8,2000.0,8400.0,121.0,,204.0
CMS Infosystems,3.5,2000.0,5000.0,84.0,7.0,102.0
HSBC Electronic Data Processing,4.0,2000.0,8200.0,99.0,,8.0
SAP,4.1,2000.0,18600.0,326.0,,282.0
Paisabazaar.com,3.4,2000.0,7100.0,176.0,53.0,106.0
Godrej Properties,3.6,2000.0,9800.0,137.0,,132.0
Aadhar Housing Finance,4.0,2000.0,5200.0,124.0,20.0,111.0
Uflex,3.9,2000.0,6900.0,133.0,63.0,132.0
Crisil,3.5,2000.0,13900.0,216.0,620.0,228.0
Spinny,3.6,2000.0,8100.0,220.0,71.0,108.0
Orchids International School,4.0,2000.0,4000.0,472.0,,129.0
Ninjacart,3.8,2000.0,4800.0,106.0,27.0,126.0
Dr Lal PathLabs,4.2,2000.0,4500.0,199.0,102.0,198.0
Adecco Group,3.9,2000.0,7700.0,128.0,4.0,142.0
HTC Global Services,3.3,2000.0,13600.0,170.0,13.0,113.0
CNH (Case New Holland),3.7,2000.0,6300.0,143.0,14.0,170.0
CSB Bank,3.2,2000.0,7500.0,115.0,1300.0,55.0
Gabriel India Limited,4.0,2000.0,5900.0,136.0,14.0,255.0
Tata Power,3.9,2000.0,8000.0,225.0,20.0,144.0
Iris Software,3.8,2000.0,8400.0,223.0,430.0,285.0
DHL Supply Chain,4.1,2000.0,6400.0,138.0,13.0,138.0
Parle Products,3.9,2000.0,3800.0,133.0,18.0,203.0
Rungta Mines,3.9,2000.0,6400.0,218.0,2.0,74.0
Sammaan Capital Limited,3.7,2000.0,4500.0,57.0,27.0,159.0
NCR Voyix,3.4,2000.0,9600.0,147.0,31.0,177.0
G R Infraprojects,4.1,2000.0,5500.0,169.0,30.0,159.0
ICICI Home Finance,3.8,2000.0,6000.0,106.0,7.0,97.0
Philips,3.8,2000.0,11300.0,186.0,77.0,182.0
NTPC,4.2,2000.0,4500.0,196.0,,195.0
Angel One,3.5,2000.0,8000.0,174.0,51.0,159.0
State Street Syntel,3.7,2000.0,6200.0,81.0,8.0,283.0
Verizon,3.5,2000.0,12400.0,136.0,,214.0
Jindal Saw,4.1,2000.0,7000.0,154.0,51.0,190.0
NeoSOFT,3.2,2000.0,11300.0,309.0,62.0,106.0
Infinx,3.7,2000.0,5600.0,214.0,62.0,79.0
Safexpress,3.9,2000.0,5900.0,135.0,1.0,156.0
Thomson Reuters,3.7,2000.0,11000.0,143.0,98.0,234.0
PI Industries,3.8,2000.0,7100.0,145.0,25.0,177.0
Lucas-TVS,3.8,2000.0,6200.0,102.0,18.0,214.0
Capri Global Capital,3.6,2000.0,4600.0,80.0,27.0,55.0
Google,4.4,1900.0,37600.0,1100.0,404.0,145.0
Polycab Wires,4.0,1900.0,7300.0,138.0,157.0,99.0
Medi Assist India,3.4,1900.0,7500.0,143.0,34.0,152.0
Labmentix,4.5,1900.0,48.0,642.0,,87.0
Hindustan Aeronautics,4.3,1900.0,4500.0,94.0,13.0,179.0
Fusion CX,3.2,1900.0,4600.0,150.0,190.0,99.0
TVS Sundram Fasteners,3.6,1900.0,6800.0,95.0,15.0,212.0
Infra.Market,3.8,1900.0,4000.0,284.0,,26.0
Aragen Life Sciences,3.9,1900.0,6700.0,129.0,4.0,292.0
Digit Insurance,3.5,1900.0,6600.0,243.0,17.0,118.0
Tata Tele Business Services,3.4,1900.0,4500.0,58.0,68.0,271.0
AXA Global Business Services,3.6,1900.0,7300.0,111.0,54.0,176.0
First American (India),3.5,1900.0,9700.0,101.0,74.0,176.0
KENT RO Systems,3.7,1900.0,4200.0,108.0,9.0,109.0
Haldiram Foods International Limited,3.8,1900.0,6300.0,170.0,,113.0
Adani Green Energy,3.9,1900.0,6300.0,169.0,1.0,96.0
Honda Cars,4.3,1900.0,6300.0,120.0,,189.0
Hindustan Petroleum,4.2,1900.0,6200.0,120.0,,138.0
AkzoNobel,4.1,1900.0,4600.0,146.0,32.0,140.0
DIVI'S Laboratories,3.5,1900.0,6900.0,106.0,,172.0
MetLife,3.9,1800.0,9800.0,104.0,95.0,243.0
Air India,3.4,1800.0,8500.0,233.0,58.0,174.0
Innovsource Services,3.9,1800.0,4700.0,81.0,,119.0
Isgec Heavy Engineering,3.8,1800.0,7100.0,150.0,63.0,135.0
Pine Labs,3.2,1800.0,8000.0,145.0,9.0,113.0
Sterling & Wilson,4.1,1800.0,6600.0,92.0,18.0,198.0
USV,4.0,1800.0,5800.0,92.0,31.0,180.0
Reckitt Benckiser,3.9,1800.0,6500.0,107.0,96.0,174.0
Cafe Coffee Day,3.7,1800.0,3800.0,86.0,6.0,169.0
USHA International,4.0,1800.0,4900.0,121.0,21.0,170.0
Annapurna Finance,3.8,1800.0,3800.0,90.0,6.0,131.0
SS&C TECHNOLOGIES,3.2,1800.0,13600.0,206.0,191.0,200.0
Granules India Limited,3.8,1800.0,6600.0,87.0,6.0,173.0
NielsenIQ,3.4,1800.0,11800.0,248.0,26.0,75.0
LivSpace,3.3,1800.0,8300.0,173.0,178.0,93.0
Hitachi Astemo,4.1,1800.0,6800.0,147.0,,132.0
HDFC Securities,3.4,1800.0,6200.0,131.0,50.0,144.0
XBP Global,3.1,1800.0,7600.0,105.0,48.0,85.0
Security and Intelligence Services (India),4.1,1800.0,4700.0,87.0,41.0,129.0
IIFL SAMASTA,3.7,1800.0,3400.0,91.0,2.0,26.0
Bata,3.5,1800.0,4200.0,91.0,4.0,126.0
Kalyan Jewellers,4.4,1800.0,1600.0,94.0,63.0,65.0
TTEC India,3.6,1800.0,5700.0,199.0,9.0,156.0
BVG India,4.1,1800.0,4100.0,179.0,98.0,107.0
Tata Communications Transformation Services,3.8,1800.0,8400.0,101.0,,166.0
Cushman & Wakefield,4.1,1800.0,6900.0,130.0,32.0,144.0
Orange Business,4.1,1800.0,9100.0,121.0,11.0,249.0
Mother Dairy Fruit & Vegetable,4.0,1800.0,5200.0,105.0,4.0,157.0
BT Business,3.9,1800.0,9300.0,90.0,,270.0
Medanta the Medicity,4.0,1800.0,5300.0,147.0,86.0,160.0
Stellar Migration,1.3,1800.0,3.0,2.0,,8.0
Tata 1mg,3.6,1800.0,7500.0,239.0,244.0,116.0
HighRadius,2.4,1800.0,9500.0,217.0,116.0,89.0
Vedantu,3.2,1800.0,7600.0,202.0,22.0,152.0
Metro Cash & Carry,3.9,1700.0,4900.0,78.0,4.0,164.0
Suryoday Small Finance Bank,3.9,1700.0,4700.0,103.0,11.0,107.0
Patanjali Foods,3.7,1700.0,4800.0,114.0,20.0,132.0
Cavinkare,3.9,1700.0,5100.0,73.0,23.0,145.0
Caterpillar Inc,4.1,1700.0,11900.0,214.0,334.0,150.0
Sysnet Global Technologies,3.6,1700.0,4400.0,145.0,19.0,82.0
Shriram Life Insurance,3.5,1700.0,5100.0,123.0,58.0,90.0
FactSet,3.7,1700.0,11000.0,240.0,35.0,193.0
Clover Infotech,3.3,1700.0,12400.0,147.0,209.0,106.0
Dhani Loans and Services,3.9,1700.0,4100.0,72.0,37.0,41.0
Health Care Global Enterprises,4.4,1700.0,2900.0,181.0,144.0,34.0
L.G.Balakrishnan & Bros,3.5,1700.0,6000.0,86.0,2.0,120.0
Indian Navy,4.6,1700.0,3500.0,40.0,,240.0
Future Retail,4.4,1700.0,3500.0,61.0,,230.0
Frankfinn Institute of Air Hostess Training,3.9,1700.0,3200.0,131.0,10.0,171.0
Compass Group Support Services,4.1,1700.0,5800.0,92.0,24.0,145.0
KONE,4.1,1700.0,5900.0,155.0,32.0,205.0
ReNew,4.2,1700.0,6900.0,150.0,79.0,110.0
Yamaha Motor,4.0,1700.0,5400.0,97.0,,168.0
CG Power and Industrial Solutions,3.7,1700.0,6900.0,113.0,,223.0
Toyota Kirloskar Motor,4.3,1700.0,4900.0,91.0,12.0,171.0
NEC,4.1,1700.0,5500.0,81.0,5.0,81.0
Urban Company,3.3,1700.0,7600.0,185.0,114.0,109.0
Vardhman Fabrics,4.0,1700.0,5400.0,92.0,8.0,144.0
Rane (Madras),3.8,1700.0,4700.0,99.0,34.0,165.0
DHL Express,4.0,1700.0,6200.0,80.0,,174.0
MagicBricks,3.9,1700.0,4700.0,350.0,12.0,72.0
Goldman Sachs,3.3,1700.0,21600.0,424.0,200.0,107.0
JSW Bhushan Power & Steel,4.0,1700.0,4700.0,88.0,,178.0
BA Continuum,3.9,1700.0,9800.0,114.0,,292.0
Matrimony.com,3.9,1700.0,4400.0,123.0,34.0,83.0
Veritas Finance,4.2,1700.0,2200.0,93.0,,40.0
Krishna Maruti,3.8,1700.0,5300.0,144.0,11.0,129.0
Belrise Industries,3.7,1700.0,6200.0,109.0,9.0,96.0
Coronis Ajuba Solutions,3.9,1700.0,5900.0,95.0,10.0,145.0
Procter & Gamble,4.0,1700.0,5900.0,138.0,27.0,162.0
mPokket,4.5,1700.0,1800.0,425.0,3.0,51.0
CMA CGM,4.0,1700.0,8000.0,106.0,38.0,211.0
Godrej Industries Group,3.9,1700.0,3200.0,159.0,,168.0
Arvind Group,4.0,1700.0,5500.0,89.0,34.0,294.0
Satin Creditcare Network,4.0,1700.0,3200.0,71.0,7.0,131.0
Dixon Technologies,3.9,1700.0,5900.0,158.0,27.0,125.0
Johnson & Johnson,3.9,1700.0,6000.0,118.0,91.0,182.0
Marico,3.8,1700.0,5900.0,114.0,44.0,166.0
Teva Pharmaceuticals,3.9,1700.0,5900.0,122.0,6.0,192.0
Wipro Enterprises Ltd,3.7,1700.0,8500.0,215.0,2.0,445.0
Sanofi,4.0,1600.0,6300.0,110.0,59.0,173.0
Chegg,4.1,1600.0,4000.0,167.0,17.0,86.0
Welspun Living Limited,3.9,1600.0,5200.0,94.0,,154.0
IndiaFirst Life Insurance,3.8,1600.0,4100.0,87.0,36.0,109.0
iOPEX Technologies,3.1,1600.0,6400.0,95.0,29.0,517.0
Relaxo Footwear,4.0,1600.0,4700.0,120.0,32.0,154.0
HERE Technologies,3.7,1600.0,7700.0,114.0,7.0,285.0
Hero Motors Company,3.9,1600.0,6300.0,102.0,4.0,118.0
Troikaa Pharmaceuticals,4.4,1600.0,4000.0,166.0,17.0,190.0
Asahi India Glass,3.8,1600.0,5600.0,119.0,1.0,139.0
Tata Play,4.0,1600.0,4400.0,90.0,1.0,176.0
Supreme Industries,4.0,1600.0,5900.0,102.0,,119.0
Emami,3.8,1600.0,5400.0,109.0,8.0,138.0
Cemindia Projects,4.2,1600.0,3600.0,95.0,5.0,140.0
ZF Commercial Vehicle Control Systems,3.8,1600.0,3900.0,86.0,4.0,11.0
SHYAM METALICS AND ENERGY,3.4,1600.0,5200.0,162.0,119.0,54.0
Broadridge Financial Solutions,3.8,1600.0,11300.0,165.0,84.0,140.0
Lumax Industries,3.9,1600.0,5900.0,111.0,37.0,133.0
Kotak Mahindra Prime,3.9,1600.0,5300.0,76.0,,65.0
Tata Consumer Products,3.5,1600.0,6500.0,108.0,1.0,98.0
Wockhardt,3.8,1600.0,4200.0,67.0,23.0,183.0
KFC,4.0,1600.0,3000.0,89.0,1.0,150.0
Mercer,3.6,1600.0,10000.0,99.0,,211.0
Amul India,4.0,1600.0,4400.0,166.0,1.0,15.0
Bisleri,4.2,1600.0,4500.0,129.0,15.0,141.0
Karur Vysya Bank,3.5,1600.0,5300.0,112.0,13.0,63.0
Muthoot Microfin,4.2,1600.0,2600.0,86.0,13.0,68.0
Marriott International,4.1,1600.0,4700.0,109.0,1900.0,188.0
IFB,3.5,1600.0,5700.0,126.0,23.0,62.0
Patra India,3.5,1600.0,6600.0,124.0,4.0,87.0
PharmEasy,3.7,1600.0,6400.0,122.0,4.0,149.0
Gujarat Fluorochemicals,3.9,1600.0,6900.0,111.0,6.0,132.0
Bajaj Capital,3.5,1600.0,4000.0,170.0,87.0,101.0
Suguna Foods,3.9,1600.0,4200.0,97.0,23.0,130.0
Steel Strips Wheels,3.7,1600.0,5700.0,89.0,14.0,125.0
GE VERNOVA,4.1,1600.0,5900.0,116.0,8.0,18.0
Canara Bank,3.6,1600.0,4100.0,53.0,,97.0
Chetu,3.8,1600.0,7400.0,238.0,3.0,148.0
Honda,4.1,1600.0,3700.0,115.0,17.0,195.0
Dainik Bhaskar Group,4.1,1600.0,4500.0,87.0,67.0,148.0
Piramal Pharma,3.9,1600.0,7100.0,136.0,44.0,117.0
Evalueserve,3.0,1600.0,10600.0,143.0,56.0,135.0
Sonata Software,3.4,1600.0,12300.0,149.0,135.0,93.0
XL Dynamics,3.7,1600.0,3600.0,98.0,20.0,196.0
Tanishq,4.2,1600.0,3200.0,124.0,,80.0
SAI Life Sciences,3.9,1600.0,6200.0,111.0,52.0,136.0
GMR Group,3.9,1500.0,4800.0,110.0,,194.0
Page Industries,4.1,1500.0,5100.0,78.0,6.0,110.0
Tesco,3.6,1500.0,9500.0,152.0,65.0,194.0
Nayara Energy,4.2,1500.0,5900.0,97.0,7.0,170.0
PNB Housing Finance,3.6,1500.0,5000.0,58.0,11.0,88.0
Airtel Payments Bank,3.8,1500.0,5500.0,128.0,39.0,104.0
Wheelseye Technology,3.4,1500.0,4100.0,126.0,26.0,96.0
Oracle Cerner,3.3,1500.0,9800.0,172.0,,257.0
QualityKiosk Technologies,3.2,1500.0,11800.0,168.0,214.0,102.0
American Broadcasting Company,4.0,1500.0,38000.0,605.0,4.0,9.0
Acuity Analytics,3.1,1500.0,13500.0,189.0,244.0,85.0
Amneal Pharmaceuticals,4.2,1500.0,6500.0,87.0,60.0,149.0
SBFC Finance,3.8,1500.0,3000.0,105.0,90.0,54.0
Devyani International,3.7,1500.0,3600.0,74.0,9.0,115.0
V5 Global Services,3.8,1500.0,3800.0,95.0,8.0,69.0
Ashoka Buildcon,4.1,1500.0,4100.0,83.0,7.0,132.0
Gland Pharma,3.9,1500.0,6000.0,94.0,16.0,130.0
Heritage Foods,4.0,1500.0,3800.0,109.0,45.0,147.0
Valeo,3.9,1500.0,8200.0,109.0,167.0,131.0
Daimler India Commercial Vehicles,3.9,1500.0,6800.0,79.0,,183.0
Happiest Minds Technologies,3.4,1500.0,13100.0,156.0,549.0,96.0
City Union Bank,2.9,1500.0,5800.0,134.0,10.0,78.0
ALTEN,3.5,1500.0,8900.0,172.0,119.0,75.0
Altimetrik,3.4,1500.0,13200.0,302.0,241.0,120.0
VOIS,3.7,1500.0,9500.0,188.0,35.0,31.0
ISS Facility Services,4.0,1500.0,4300.0,71.0,25.0,133.0
Apco Infratech,3.8,1500.0,4400.0,145.0,18.0,115.0
Indoco Remedies,3.4,1500.0,5800.0,95.0,30.0,110.0
Max Fashion,4.0,1500.0,3500.0,78.0,15.0,169.0
Apexon,3.2,1500.0,9800.0,178.0,92.0,47.0
Jaquar,4.1,1500.0,5300.0,92.0,67.0,129.0
HCL Infosystems,4.0,1500.0,6300.0,144.0,,228.0
Aon,3.8,1500.0,6700.0,96.0,69.0,215.0
Chandigarh University,4.2,1500.0,2800.0,111.0,58.0,48.0
Aumovio,3.7,1500.0,9500.0,83.0,18.0,139.0
Honeywell Technology Solutions,3.7,1500.0,11300.0,166.0,,205.0
Bharat Forge,3.7,1500.0,6600.0,80.0,7.0,125.0
Fusion Finance,3.9,1500.0,3400.0,63.0,2.0,80.0
NIIT,3.4,1500.0,6000.0,109.0,21.0,160.0
Oberoi Group of Hotels,4.0,1500.0,3800.0,97.0,,232.0
Morningstar,3.7,1500.0,10700.0,272.0,57.0,132.0
R Systems International,3.8,1500.0,7800.0,193.0,47.0,146.0
Amara Raja Energy & Mobility,4.0,1500.0,4300.0,118.0,,117.0
Indegene,3.2,1500.0,10100.0,179.0,31.0,134.0
CIE Automotive India Limited (Formerly known as Mahindra CIE Automotive Limited),3.6,1500.0,5100.0,94.0,21.0,12.0
Narayana Educational Society,3.6,1500.0,4100.0,70.0,3.0,119.0
Hyatt Regency,4.1,1500.0,3100.0,64.0,2.0,198.0
Taurus BPO Services,4.0,1500.0,1000.0,35.0,2.0,498.0
MedPlus,3.5,1500.0,4600.0,116.0,48.0,68.0
AB InBev India,3.3,1500.0,8000.0,121.0,74.0,145.0
Aerial Telecom Solutions,4.1,1500.0,2400.0,128.0,25.0,71.0
Nykaa,3.4,1500.0,7200.0,164.0,33.0,63.0
Sony,4.1,1500.0,4700.0,94.0,2.0,189.0
Vfs Global Services,3.4,1500.0,4400.0,75.0,15.0,123.0
TEKsystems,3.1,1500.0,11600.0,141.0,38.0,79.0
Tieto,4.1,1500.0,9400.0,109.0,9.0,118.0
DCM Shriram,4.1,1500.0,5200.0,115.0,25.0,119.0
Sansera Engineering,4.0,1500.0,5700.0,99.0,1.0,116.0
Citco,3.1,1400.0,10300.0,173.0,123.0,58.0
Eaton,3.9,1400.0,8500.0,156.0,9.0,129.0
TÜV SÜD,4.0,1400.0,3900.0,110.0,18.0,117.0
Adobe,3.7,1400.0,13800.0,278.0,214.0,156.0
Hire In Global,4.9,1400.0,8.0,304.0,,36.0
Kantar,3.4,1400.0,7000.0,120.0,,81.0
Agilus Diagnostics,4.1,1400.0,3400.0,86.0,14.0,130.0
J. Kumar Infraprojects,4.1,1400.0,4400.0,97.0,4.0,115.0
Acmegrade,3.9,1400.0,293.0,69.0,2.0,1.0
JSW Cement,4.0,1400.0,4500.0,145.0,18.0,119.0
Slk Software Services,3.2,1400.0,9300.0,115.0,,88.0
AtkinsRealis,3.7,1400.0,6300.0,115.0,437.0,99.0
Unisys,3.4,1400.0,10200.0,82.0,27.0,152.0
Xiaomi,3.7,1400.0,5600.0,113.0,6.0,129.0
Tenarai,3.5,1400.0,11100.0,141.0,65.0,126.0
Oracle Financial Services Software,3.2,1400.0,10400.0,205.0,,188.0
VLCC,3.2,1400.0,3400.0,55.0,43.0,94.0
Rashmi Metaliks,3.1,1400.0,5000.0,120.0,9.0,64.0
EOSGlobe,3.0,1400.0,4000.0,91.0,7.0,82.0
FedEx Express,4.0,1400.0,5400.0,117.0,126.0,190.0
Tata Group,4.2,1400.0,5700.0,386.0,,143.0
The Muthoot Group,3.6,1400.0,3500.0,85.0,,216.0
Sunknowledge Services,3.4,1400.0,4000.0,110.0,17.0,213.0
Fino Payments Bank,3.7,1400.0,4000.0,65.0,9.0,103.0
iMerit,3.2,1400.0,6000.0,122.0,12.0,106.0
Novo Nordisk,3.6,1400.0,6700.0,101.0,190.0,137.0
Worley,4.1,1400.0,7600.0,141.0,137.0,120.0
Incedo,2.9,1400.0,10800.0,213.0,66.0,118.0
Bajaj Housing Finance,3.5,1400.0,6000.0,75.0,80.0,57.0
Amity University,3.5,1400.0,5200.0,119.0,6.0,123.0
Sharekhan,3.7,1400.0,5300.0,100.0,117.0,117.0
IDC Technologies,3.1,1400.0,6800.0,76.0,,45.0
INDIUM,3.9,1400.0,7300.0,268.0,26.0,53.0
NetAmbit,4.0,1400.0,3100.0,190.0,4.0,61.0
The Ramco Cements,4.0,1400.0,4600.0,549.0,12.0,105.0
TE Connectivity,4.1,1400.0,7800.0,103.0,203.0,160.0
Grant Thornton,3.3,1400.0,12000.0,121.0,291.0,88.0
TCS iON,3.8,1400.0,4100.0,412.0,,172.0
Iffco Tokio General Insurance Co.,3.8,1400.0,4200.0,53.0,,107.0
Unichem Laboratories,3.7,1400.0,5200.0,98.0,43.0,39.0
Paytm Payments Bank,3.8,1400.0,5500.0,144.0,,102.0
Viraj Profiles,4.1,1400.0,4500.0,102.0,12.0,158.0
Faurecia,3.9,1400.0,6000.0,72.0,25.0,187.0
Aforeserve,3.4,1400.0,3600.0,93.0,15.0,84.0
Brillio,3.4,1400.0,11100.0,144.0,10.0,83.0
CenturyPly,3.8,1400.0,4600.0,107.0,26.0,63.0
ZF Steering Gear,3.7,1400.0,7600.0,63.0,17.0,100.0
Burger King,4.0,1400.0,3600.0,105.0,,137.0
Bharat FIH,3.7,1400.0,5200.0,92.0,,129.0
SK Finance Limited,3.8,1400.0,3900.0,94.0,,27.0
CreditAccess Grameen,3.9,1400.0,2700.0,57.0,14.0,63.0
Aptara,3.1,1400.0,6400.0,80.0,18.0,115.0
Hindware Limited,3.9,1400.0,4600.0,91.0,8.0,132.0
FDC,3.7,1400.0,3800.0,71.0,30.0,87.0
More Supermarket,3.7,1400.0,4100.0,97.0,46.0,60.0
GEP Worldwide,3.6,1400.0,9600.0,159.0,11.0,132.0
Globant,3.3,1400.0,10800.0,210.0,93.0,110.0
Baroda Global Shared Services,3.9,1400.0,3100.0,137.0,37.0,38.0
RBL FinServe,3.9,1400.0,3100.0,72.0,6.0,79.0
Sheenlac Paints,4.1,1400.0,1800.0,212.0,2.0,47.0
Hatsun Agro Product,3.8,1400.0,4900.0,86.0,14.0,98.0
NxtWave,3.5,1400.0,3700.0,295.0,200.0,24.0
OM Logistics,3.9,1400.0,4000.0,98.0,2.0,110.0
Decathlon,3.7,1400.0,4500.0,120.0,,117.0
Nippon Paint India,4.0,1400.0,4000.0,82.0,2.0,86.0
Punjab National Bank,3.9,1400.0,3000.0,66.0,,104.0
Collabera Talent Solutions,3.4,1400.0,7000.0,154.0,1.0,113.0
ManpowerGroup,3.6,1400.0,5300.0,71.0,192.0,87.0
Royal Migration Solutions,4.9,1400.0,5.0,1.0,,1.0
DEXIT Global,3.4,1400.0,5300.0,141.0,3.0,103.0
GE,4.1,1400.0,7500.0,119.0,2.0,139.0
JioMart,3.9,1400.0,4400.0,120.0,,76.0
Astral Pipe,3.9,1300.0,4400.0,99.0,101.0,35.0
ICICI Prudential Mutual Fund,3.9,1300.0,5900.0,93.0,,96.0
Shubham Housing Development Finance,4.0,1300.0,3000.0,55.0,7.0,73.0
Centre for Development of Advanced Computing,3.6,1300.0,7000.0,127.0,,65.0
Cinépolis,3.8,1300.0,3000.0,85.0,,147.0
VIBGYOR Group of Schools,3.5,1300.0,4300.0,103.0,249.0,106.0
Spicejet,3.3,1300.0,5100.0,109.0,2.0,152.0
Mondelez International,4.1,1300.0,4800.0,79.0,93.0,130.0
Ion Exchange India,3.7,1300.0,5400.0,103.0,37.0,90.0
Apex Group,2.6,1300.0,8700.0,193.0,470.0,49.0
Atul,3.9,1300.0,5300.0,106.0,2.0,116.0
Samsung Research,2.9,1300.0,10100.0,153.0,2.0,145.0
Luminous Power Technologies,4.1,1300.0,4200.0,103.0,17.0,126.0
Aarvee Associates,3.7,1300.0,3300.0,105.0,,107.0
Jakson Group,4.1,1300.0,4100.0,109.0,28.0,99.0
Spandana Sphoorty Financial,3.8,1300.0,2500.0,59.0,8.0,90.0
T-Systems ICT India,3.7,1300.0,9200.0,114.0,23.0,100.0
Tenneco,3.6,1300.0,5400.0,75.0,14.0,122.0
Fabindia,3.7,1300.0,4000.0,64.0,57.0,120.0
Big Bazaar,4.4,1300.0,2100.0,49.0,,173.0
Pantaloons,4.0,1300.0,3000.0,69.0,,130.0
OpenText Technologies,3.3,1300.0,12500.0,200.0,11.0,92.0
Hindustan Construction Company,4.2,1300.0,3200.0,96.0,9.0,158.0
Bluestock ™,4.5,1300.0,64.0,389.0,,1.0
Vestas,4.1,1300.0,5500.0,101.0,25.0,137.0
ANZ Banking Group,3.7,1300.0,8500.0,113.0,12.0,107.0
Godrej Consumer Products,4.0,1300.0,5000.0,64.0,2.0,119.0
H.G. Infra Engineering,3.9,1300.0,3300.0,112.0,7.0,99.0
Willis Towers Watson,3.7,1300.0,8200.0,122.0,20.0,113.0
Fresenius Kabi,4.0,1300.0,4200.0,61.0,7.0,121.0
DP World,3.8,1300.0,5500.0,104.0,195.0,70.0
KIMS Hospital,3.7,1300.0,3800.0,63.0,7.0,77.0
Dassault Systemes,3.7,1300.0,7600.0,192.0,,137.0
Diageo,3.7,1300.0,6400.0,94.0,28.0,109.0
Arvind Fashions Limited,3.8,1300.0,3400.0,50.0,38.0,27.0
Prodapt,3.5,1300.0,10100.0,121.0,72.0,80.0
Zoho,4.1,1300.0,10500.0,590.0,,105.0
Panasonic,4.0,1300.0,4700.0,52.0,10.0,148.0
Sigma Electric Manufacturing Corporation,4.0,1300.0,2800.0,78.0,14.0,207.0
Mu Sigma,2.5,1300.0,6800.0,257.0,,125.0
SKF,4.0,1300.0,4700.0,79.0,63.0,155.0
Automotive Manufacturers,3.8,1300.0,5200.0,106.0,70.0,71.0
Electronics Corporation of India Limited,4.2,1300.0,3200.0,63.0,9.0,94.0
PNC Infratech,3.8,1300.0,3500.0,84.0,,74.0
Intertek,3.8,1300.0,4100.0,86.0,52.0,110.0
Kalpataru Limited,4.1,1300.0,4600.0,284.0,34.0,85.0
Shriram Pistons & Rings,4.0,1300.0,4700.0,79.0,4.0,137.0
iSON Xperiences,3.1,1300.0,3300.0,81.0,22.0,90.0
AIIMS,4.2,1300.0,4700.0,72.0,,68.0
Dell EMC,3.7,1300.0,8300.0,74.0,,188.0
AGS Transact Technologies,2.8,1300.0,3800.0,45.0,,124.0
Colliers India,3.9,1300.0,5000.0,101.0,76.0,81.0
Indostar Capital Finance Limited,4.3,1300.0,2100.0,204.0,1.0,49.0
DLF,4.0,1300.0,5100.0,103.0,23.0,83.0
Parexel International,3.8,1300.0,6200.0,91.0,15.0,130.0
Rockman Industries,3.8,1300.0,3900.0,103.0,23.0,97.0
Synchrony,4.3,1300.0,5600.0,97.0,24.0,204.0
Nielsen,3.1,1300.0,6900.0,164.0,2.0,132.0
Ahluwalia Contracts India,4.0,1300.0,3700.0,83.0,17.0,74.0
JTEKT,4.1,1300.0,4500.0,100.0,4.0,100.0
Oil And Natural Gas Corporation,4.3,1300.0,3100.0,82.0,,135.0
Wind World,4.0,1300.0,3400.0,89.0,,124.0
Qualcomm,3.7,1200.0,15600.0,304.0,19.0,139.0
ExcelR,3.6,1200.0,1100.0,110.0,24.0,3.0
Strides Pharma,3.9,1200.0,4400.0,81.0,,156.0
Jindal X,3.5,1200.0,2800.0,114.0,1.0,151.0
Kirloskar Oil Engines,4.1,1200.0,4300.0,66.0,21.0,100.0
JK Lakshmi Cement,3.7,1200.0,3900.0,90.0,,101.0
Balkrishna Industries,4.0,1200.0,4500.0,74.0,,74.0
DENSO,4.1,1200.0,3800.0,88.0,4.0,179.0
Fidelity Investments,4.1,1200.0,8100.0,131.0,1.0,163.0
Innova Solutions,3.3,1200.0,8400.0,106.0,90.0,28.0
Zetwerk,4.0,1200.0,4400.0,121.0,147.0,65.0
Federal Bank,3.6,1200.0,6100.0,124.0,,77.0
Rupeek,4.1,1200.0,3400.0,135.0,24.0,59.0
Birla Opus,4.0,1200.0,2800.0,115.0,,31.0
Genius HRTech,3.7,1200.0,4000.0,76.0,1.0,66.0
Schaeffler India,4.0,1200.0,6000.0,71.0,15.0,114.0
Best Sellers,4.1,1200.0,3200.0,34.0,2.0,125.0
Fidelity National Financial,3.7,1200.0,6300.0,63.0,4.0,155.0
ACG Worldwide,3.8,1200.0,4000.0,87.0,60.0,50.0
EbixCash Limited,3.5,1200.0,5100.0,111.0,,73.0
Leadec India,4.0,1200.0,3500.0,155.0,46.0,89.0
Sri Chaitanya Techno Schools,3.4,1200.0,3700.0,80.0,,6.0
Imperial Auto Industries,3.7,1200.0,5000.0,80.0,17.0,70.0
Aparna Constructions and Estates,3.8,1200.0,4200.0,118.0,47.0,98.0
Aptiv,3.4,1200.0,8800.0,129.0,11.0,52.0
Baazar Retail Private Limited,4.4,1200.0,1600.0,90.0,2.0,22.0
Meril,3.5,1200.0,5200.0,92.0,25.0,79.0
Intel,4.1,1200.0,9500.0,243.0,50.0,92.0
Prism Johnson,3.7,1200.0,4400.0,73.0,,68.0
Indira IVF Hospital,3.8,1200.0,3100.0,79.0,61.0,77.0
PHN Technology,4.2,1200.0,402.0,43.0,4.0,3.0
HFCL Limited,3.7,1200.0,4200.0,87.0,11.0,90.0
Salesforce,3.9,1200.0,15400.0,258.0,388.0,107.0
IIFL Home Finance,3.8,1200.0,3100.0,60.0,1500.0,27.0
Thyrocare Technologies,3.7,1200.0,4400.0,88.0,34.0,95.0
London Stock Exchange Group,3.6,1200.0,11600.0,164.0,1.0,61.0
Electronica Finance,4.1,1200.0,2800.0,145.0,26.0,38.0
Birla Corporation,4.0,1200.0,3800.0,78.0,12.0,90.0
PayPal,3.7,1200.0,10400.0,245.0,,123.0
MDIndia Health Insurance TPA,3.6,1200.0,3900.0,74.0,42.0,87.0
Deccan Fine Chemicals,3.6,1200.0,5300.0,110.0,8.0,65.0
Johnson Lifts,3.9,1200.0,3600.0,52.0,8.0,91.0
The Jaypee Group,3.8,1200.0,3400.0,54.0,11.0,116.0
Dhoot Transmission,3.7,1200.0,3900.0,71.0,3.0,106.0
Nilkamal,3.6,1200.0,3800.0,86.0,38.0,91.0
FOCUS EDUMATICS,2.9,1200.0,3100.0,128.0,,36.0
Biocon Biologics,3.7,1200.0,7100.0,118.0,1.0,350.0
Coca-Cola Company,4.0,1200.0,3500.0,109.0,,105.0
Podar International School,4.0,1200.0,3300.0,83.0,9.0,113.0
Apollo Health and Lifestyle Limited,4.3,1200.0,3600.0,134.0,51.0,87.0
CaratLane - A Tata Product,4.0,1200.0,3200.0,69.0,10.0,78.0
Stanza Living,3.4,1200.0,3600.0,127.0,19.0,82.0
INDO-MIM,4.0,1200.0,4500.0,81.0,14.0,119.0
Innodata India Private Limited,3.7,1200.0,3200.0,212.0,42.0,62.0
Kinara Capital,4.4,1200.0,2200.0,136.0,3.0,209.0
Barclays Shared Services,3.7,1200.0,4500.0,38.0,622.0,180.0
Ocwen Financial Solutions,3.7,1200.0,4200.0,53.0,18.0,174.0
Navitasys India,4.0,1200.0,2800.0,150.0,5.0,59.0
Motilal Oswal Home Finance,4.3,1200.0,1500.0,127.0,,27.0
Dishtv,3.4,1200.0,3400.0,77.0,19.0,100.0
Bajaj Motors,3.9,1200.0,3500.0,70.0,13.0,109.0
Edelweiss Life Insurance,3.7,1200.0,3700.0,60.0,50.0,97.0
Svatantra Microfin,3.9,1200.0,2300.0,50.0,10.0,82.0
Kohler,3.6,1200.0,5300.0,79.0,16.0,75.0
Jabil Circuit India,4.0,1200.0,4400.0,74.0,64.0,90.0
V2 Retail,3.3,1200.0,2700.0,93.0,47.0,81.0
Jacobs Engineering Group,4.2,1200.0,5400.0,94.0,7.0,100.0
Asirvad Microfinance,3.8,1200.0,2300.0,50.0,4.0,65.0
Edelweiss,3.6,1200.0,5400.0,66.0,,135.0
1Point1 Solutions Ltd,3.6,1200.0,3100.0,84.0,73.0,102.0
Onward Technologies Inc,2.8,1200.0,6400.0,96.0,33.0,43.0
Unicharm,3.9,1200.0,3000.0,68.0,2.0,104.0
Advantmed,4.0,1200.0,2900.0,174.0,18.0,57.0
Air India Sats Airport Services,3.6,1100.0,2600.0,74.0,,74.0
TÜV NORD,3.7,1100.0,4200.0,83.0,151.0,73.0
Piaggio,3.6,1100.0,3800.0,74.0,44.0,127.0
TK Elevator,3.8,1100.0,4400.0,67.0,5.0,99.0
Barbeque Nation,3.9,1100.0,2800.0,52.0,5.0,120.0
MG Motor,3.9,1100.0,4900.0,85.0,34.0,78.0
Hyundai Mobis,3.7,1100.0,5300.0,81.0,,135.0
Unity Small Finance Bank,3.6,1100.0,4400.0,82.0,33.0,22.0
Zydus Wellness,4.1,1100.0,2900.0,112.0,27.0,75.0
Sundaram Finance,3.9,1100.0,3000.0,53.0,5.0,82.0
Hikal,3.8,1100.0,4800.0,77.0,6.0,89.0
MAHLE ANAND Filter Systems,3.9,1100.0,3600.0,42.0,,118.0
ICON Plc,4.0,1100.0,4700.0,150.0,2.0,64.0
BDR Pharmaceuticals International,4.2,1100.0,2100.0,172.0,19.0,76.0
Tube Investments of India,3.8,1100.0,3800.0,72.0,35.0,55.0
Tata Capital Housing Finance,3.9,1100.0,3400.0,55.0,,14.0
Hinduja Housing Finance,3.7,1100.0,2900.0,49.0,21.0,33.0
Hitachi Energy,4.0,1100.0,8000.0,130.0,692.0,67.0
Kirloskar Brothers,3.8,1100.0,4400.0,96.0,25.0,100.0
Godrej Agrovet,4.0,1100.0,3600.0,67.0,6.0,85.0
Knorr-Bremse,3.3,1100.0,5300.0,75.0,5.0,121.0
Aarvi Encon,4.0,1100.0,3100.0,89.0,253.0,72.0
Wonder Home Finance,4.6,1100.0,802.0,192.0,2.0,9.0
Syngenta,4.1,1100.0,3800.0,85.0,31.0,99.0
Wistron,4.0,1100.0,5100.0,94.0,,129.0
HPCL-Mittal Energy Limited,4.3,1100.0,4700.0,47.0,,106.0
Sri Chaitanya Educational Institutions,3.5,1100.0,3000.0,53.0,2.0,64.0
Vedanta Aluminium Metal,3.8,1100.0,4600.0,74.0,,117.0
SLMG Beverages,3.9,1100.0,3600.0,74.0,1.0,40.0
Malabar Gold and Diamonds,4.0,1100.0,2900.0,110.0,90.0,78.0
Saipem,4.2,1100.0,3400.0,55.0,25.0,151.0
Gmmco,4.0,1100.0,2900.0,53.0,4.0,113.0
Shyam Steel Group,3.5,1100.0,3900.0,87.0,8.0,52.0
CALIBEHR,3.9,1100.0,2700.0,70.0,19.0,54.0
TKIL,4.0,1100.0,4600.0,79.0,26.0,97.0
Dana Anand,4.0,1100.0,2900.0,57.0,,130.0
Thermo Fisher Scientific,3.8,1100.0,7000.0,109.0,265.0,93.0
Pernod Ricard,3.5,1100.0,4700.0,63.0,3.0,107.0
Crompton Greaves Consumer Electricals,3.7,1100.0,4400.0,63.0,51.0,8.0
Netcracker Technology,2.9,1100.0,9400.0,145.0,,89.0
QX Global Group,3.0,1100.0,4800.0,181.0,108.0,45.0
Writer Information Management Services,3.2,1100.0,3700.0,56.0,,50.0
Power Grid Corporation of India,4.3,1100.0,2100.0,80.0,,77.0
VMware Software,4.4,1100.0,8900.0,146.0,41.0,129.0
GAIL,4.4,1100.0,3300.0,83.0,2.0,86.0
Adani Ports and SEZ,3.6,1100.0,4000.0,77.0,,120.0
Metropolis Healthcare,3.8,1100.0,3700.0,70.0,15.0,75.0
Aspire Systems,3.8,1100.0,10100.0,131.0,103.0,86.0
Vayona Energy,4.0,1100.0,4800.0,60.0,1.0,104.0
Vertiv,3.8,1100.0,4800.0,63.0,222.0,8.0
Gharda Chemicals Limited,3.9,1100.0,4800.0,85.0,73.0,107.0
Fractal Analytics,4.0,1100.0,11900.0,233.0,382.0,115.0
Hindustan Zinc,3.7,1100.0,4500.0,60.0,11.0,106.0
Wheels,3.9,1100.0,5300.0,74.0,5.0,77.0
Northcorp Software,4.8,1100.0,229.0,867.0,,54.0
Bajaj Capital Insurance Broking Limited,4.3,1100.0,1300.0,230.0,2.0,39.0
GVPR Engineers,3.9,1100.0,3100.0,78.0,3.0,141.0
Greenko Group,3.9,1100.0,4000.0,75.0,,102.0
Thomas Cook,4.1,1100.0,3700.0,130.0,,146.0
Renault Nissan Automotive India Private Limited,4.2,1100.0,121.0,26.0,,6.0
Motherson Sumi Wiring,3.6,1100.0,4400.0,112.0,9.0,15.0
United Breweries,3.4,1100.0,3500.0,60.0,34.0,94.0
Uber,4.0,1100.0,8900.0,177.0,41.0,108.0
IB Group,3.7,1100.0,3400.0,86.0,1.0,51.0
Zf Rane Automotive,3.9,1100.0,3800.0,66.0,6.0,132.0
Atlas Copco,4.1,1100.0,5700.0,103.0,4.0,95.0
ValueMomentum,3.2,1100.0,9000.0,101.0,24.0,62.0
Skipper,3.9,1100.0,3200.0,89.0,7.0,68.0
ALLEN Career Institute,3.7,1100.0,4500.0,73.0,35.0,41.0
BirlaNu,3.8,1100.0,3000.0,74.0,30.0,74.0
Xyz Company,3.8,1100.0,49300.0,551.0,,63.0
Otis Elevator,4.0,1100.0,4300.0,65.0,4.0,87.0
NBC Bearings,3.9,1100.0,3900.0,114.0,6.0,48.0
Bharat Sanchar Nigam,3.8,1100.0,2500.0,50.0,,93.0
Syrma SGS Technologies,4.1,1100.0,3600.0,77.0,8.0,12.0
Jet Airways,4.6,1100.0,1800.0,27.0,,175.0
Siemens Energy,4.0,1100.0,6600.0,103.0,1.0,74.0
Nexa,3.9,1100.0,2500.0,44.0,,106.0
Hitachi Payment Services,3.6,1100.0,3500.0,56.0,38.0,68.0
Tata Cummins,4.4,1100.0,1600.0,91.0,,5.0
Klm Axiva Finvest,4.4,1100.0,805.0,438.0,8.0,6.0
Lakshmi Machine Works,3.8,1100.0,4300.0,62.0,134.0,69.0
Spencer's Retail,3.8,1100.0,2800.0,68.0,4.0,91.0
GlobalData,3.3,1100.0,5500.0,96.0,22.0,100.0
Vistaar Finance,3.9,1100.0,2200.0,39.0,32.0,140.0
Suzuki Motorcycle,4.0,1100.0,4000.0,53.0,2.0,89.0
Nippon Life India Asset Management,4.6,1100.0,1600.0,158.0,74.0,27.0
Skoda Auto Volkswagen India,3.9,1100.0,4900.0,51.0,7.0,86.0
Vaco Binary Semantics,3.1,1100.0,5400.0,99.0,43.0,83.0
Allianz Technology,4.0,1100.0,6800.0,73.0,,112.0
Amara Raja Group,4.1,1100.0,3500.0,75.0,,101.0
Fortrea Development India Private Limited,3.9,1100.0,5100.0,87.0,77.0,60.0
Aparajitha Corporate Services,3.8,1100.0,3200.0,61.0,4.0,64.0
Arohan Financial Services,3.8,1100.0,2100.0,42.0,13.0,63.0
Merino Industries,3.7,1100.0,3600.0,81.0,21.0,79.0
Zudio,3.9,1100.0,2300.0,66.0,,26.0
iQor Global Services,3.3,1100.0,2600.0,47.0,23.0,117.0
Comviva Technology,2.7,1100.0,6300.0,89.0,83.0,77.0
Perfetti Van Melle,4.2,1100.0,2900.0,40.0,17.0,95.0
MakeMyTrip,3.5,1000.0,7800.0,150.0,115.0,102.0
SitusAMC,3.2,1000.0,5500.0,73.0,,45.0
Ceasefire Industries,3.1,1000.0,2400.0,122.0,9.0,74.0
Westside,3.7,1000.0,2100.0,59.0,,70.0
Tiger Analytics,3.8,1000.0,11100.0,265.0,78.0,41.0
Visionet Systems,3.3,1000.0,5900.0,81.0,22.0,85.0
Secure Meters,3.9,1000.0,4700.0,90.0,51.0,103.0
Colgate Palmolive,4.0,1000.0,4400.0,89.0,30.0,121.0
Star Cement,4.0,1000.0,3300.0,91.0,,91.0
Bounteous,3.1,1000.0,8700.0,251.0,178.0,111.0
VeeTechnologies,4.0,1000.0,4400.0,140.0,9.0,97.0
Lemon Tree Hotels,4.0,1000.0,2800.0,65.0,2.0,141.0
Technip Energies,3.9,1000.0,5700.0,95.0,17.0,47.0
MasterCard,3.8,1000.0,13500.0,175.0,287.0,110.0
Mastek,3.6,1000.0,6600.0,134.0,37.0,47.0
Cult.fit,3.4,1000.0,4400.0,85.0,209.0,85.0
Pristyn Care,3.1,1000.0,4200.0,86.0,3.0,148.0
TradeIndia (Infocom Network Private Limited),3.3,1000.0,4500.0,91.0,33.0,62.0
Wonder Cement,4.2,1000.0,3800.0,65.0,35.0,67.0
Xebia,2.9,1000.0,6600.0,97.0,20.0,229.0
AstraZeneca,3.8,1000.0,7500.0,71.0,1.0,151.0
Sahara India Pariwar,3.9,1000.0,2500.0,31.0,,89.0
National Payments Corporation of India,3.9,1000.0,4500.0,107.0,148.0,41.0
Amazon Web Services,3.8,1000.0,7100.0,196.0,,84.0
Marsh McLennan,3.8,1000.0,8900.0,56.0,15.0,85.0
